{
  "HomePage" : {
    "transaction" : "HomePage",
    "sampleCount" : 20,
    "errorCount" : 1,
    "errorPct" : 5.0,
    "meanResTime" : 1305.3000000000002,
    "medianResTime" : 1212.5,
    "minResTime" : 940.0,
    "maxResTime" : 3069.0,
    "pct1ResTime" : 1619.8,
    "pct2ResTime" : 2996.599999999999,
    "pct3ResTime" : 3069.0,
    "throughput" : 1.7646020822304571,
    "receivedKBytesPerSec" : 196.47181254962945,
    "sentKBytesPerSec" : 0.21712877183695078
  },
  "TrainingPage" : {
    "transaction" : "TrainingPage",
    "sampleCount" : 20,
    "errorCount" : 1,
    "errorPct" : 5.0,
    "meanResTime" : 961.2500000000002,
    "medianResTime" : 860.5,
    "minResTime" : 610.0,
    "maxResTime" : 2125.0,
    "pct1ResTime" : 1696.8000000000006,
    "pct2ResTime" : 2105.0499999999997,
    "pct3ResTime" : 2125.0,
    "throughput" : 1.7792011386887288,
    "receivedKBytesPerSec" : 233.30469931500758,
    "sentKBytesPerSec" : 1.0459756694244284
  },
  "Total" : {
    "transaction" : "Total",
    "sampleCount" : 60,
    "errorCount" : 2,
    "errorPct" : 3.3333333,
    "meanResTime" : 1034.9,
    "medianResTime" : 951.0,
    "minResTime" : 508.0,
    "maxResTime" : 3069.0,
    "pct1ResTime" : 1545.6,
    "pct2ResTime" : 1720.7499999999995,
    "pct3ResTime" : 3069.0,
    "throughput" : 4.214963119072708,
    "receivedKBytesPerSec" : 478.6325929706709,
    "sentKBytesPerSec" : 1.923625746399719
  },
  "AboutPage" : {
    "transaction" : "AboutPage",
    "sampleCount" : 20,
    "errorCount" : 0,
    "errorPct" : 0.0,
    "meanResTime" : 838.1499999999999,
    "medianResTime" : 771.5,
    "minResTime" : 508.0,
    "maxResTime" : 1555.0,
    "pct1ResTime" : 1443.4000000000003,
    "pct2ResTime" : 1550.3,
    "pct3ResTime" : 1555.0,
    "throughput" : 1.6538493343256429,
    "receivedKBytesPerSec" : 162.40348238650458,
    "sentKBytesPerSec" : 1.088568800132308
  }
}